,Instance,n_N,n_B,Gap,Runtime,NodeCount,ObjVal
0,0.0,5.0,11.0,0.0,50.23391151428223,6330.0,219.74962339946364
