,Instance,n_N,n_B,Gap,Runtime,NodeCount,ObjVal
0,9.0,50.0,91.0,0.0,1439.3560824394226,8269.0,697.2686158425977
